N,Galaxy,f_halo_%,Type
1,NGC 4449,59.4,Взаимодействующая
2,NGC 4532,54.4,Взаимодействующая
3,NGC 3169,51.8,Взаимодействующая
4,NGC 3368,42.2,Взаимодействующая
5,NGC 5194,36.5,Взаимодействующая
6,NGC 5194*,36.5,Взаимодействующая
7,NGC 4490,34.7,Взаимодействующая
8,IC 1727,25.3,Взаимодействующая
9,NGC 4254,24.5,Взаимодействующая
10,NGC 4725,23.8,Взаимодействующая
11,NGC 5033,20.6,Взаимодействующая
12,NGC 672,17.7,Взаимодействующая
13,NGC 5457*,12.7,Взаимодействующая
14,NGC 2841,40.1,Изолированная
15,NGC 2841*,40.0,Изолированная
16,NGC 4414,30.3,Изолированная
17,NGC 5055,28.1,Изолированная
18,NGC 5055*,28.0,Изолированная
19,NGC 3718,25.0,Изолированная
20,NGC 7331*,25.0,Изолированная
21,NGC 4618,23.7,Изолированная
22,NGC 3338,22.0,Изолированная
23,NGC 4496,21.5,Изолированная
24,NGC 5248,20.3,Изолированная
25,NGC 3344,19.3,Изолированная
26,NGC 2903,19.1,Изолированная
27,NGC 2903*,19.0,Изолированная
28,NGC 925*,18.0,Изолированная
29,NGC 2541,17.0,Изолированная
30,NGC 4536,16.9,Изолированная
31,NGC 3486,16.7,Изолированная
32,NGC 4303,16.7,Изолированная
33,NGC 5474,16.5,Изолированная
34,Sex B,16.4,Изолированная
35,NGC 4214,16.0,Изолированная
36,NGC 3198*,16.0,Изолированная
37,NGC 864,15.9,Изолированная
38,NGC 3198,15.8,Изолированная
39,NGC 628*,14.0,Изолированная
40,NGC 628,13.7,Изолированная
41,NGC 3521*,13.0,Изолированная
42,NGC 3521,12.6,Изолированная
43,NGC 4395,9.9,Изолированная
44,NGC 5457,9.3,Изолированная
45,NGC 4559,6.8,Изолированная
